{
  "total_samples": 1299,
  "parsed_samples": 1299,
  "parse_success_rate": 1.0,
  "parse_failure_counts": {},
  "exact_match_count": 747,
  "exact_match_accuracy": 0.5750577367205543,
  "micro": {
    "tp": 351,
    "fp": 919,
    "fn": 624,
    "precision": 0.2763779527559055,
    "recall": 0.36,
    "f1": 0.3126948775055679
  },
  "per_label": {
    "ADE": {
      "tp": 0,
      "fp": 207,
      "fn": 0,
      "precision": 0.0,
      "recall": 0.0,
      "f1": 0.0,
      "gold_count": 0,
      "pred_count": 207
    },
    "DDI-MECHANISM": {
      "tp": 160,
      "fp": 312,
      "fn": 138,
      "precision": 0.3389830508474576,
      "recall": 0.5369127516778524,
      "f1": 0.41558441558441556,
      "gold_count": 298,
      "pred_count": 472
    },
    "DDI-EFFECT": {
      "tp": 86,
      "fp": 123,
      "fn": 274,
      "precision": 0.41148325358851673,
      "recall": 0.2388888888888889,
      "f1": 0.3022847100175747,
      "gold_count": 360,
      "pred_count": 209
    },
    "DDI-ADVISE": {
      "tp": 89,
      "fp": 77,
      "fn": 132,
      "precision": 0.536144578313253,
      "recall": 0.40271493212669685,
      "f1": 0.4599483204134367,
      "gold_count": 221,
      "pred_count": 166
    },
    "DDI-INT": {
      "tp": 16,
      "fp": 200,
      "fn": 80,
      "precision": 0.07407407407407407,
      "recall": 0.16666666666666666,
      "f1": 0.10256410256410256,
      "gold_count": 96,
      "pred_count": 216
    }
  }
}