{
  "path": "/home/coder/data/Comp6713-Ddi-Ade-Extraction/data/processed/Comp6713-Ddi-Ade-Extraction_latest_raw_clean/merged_chatml_train.jsonl",
  "num_rows": 5287,
  "label_counts": {
    "ADE": 5369,
    "DDI-ADVISE": 2929,
    "DDI-EFFECT": 5568,
    "DDI-INT": 652,
    "DDI-MECHANISM": 4200
  },
  "raw_relation_total": 18718,
  "normalized_relation_total": 18718,
  "duplicate_relation_examples": 0,
  "relations_per_example": {
    "min": 1,
    "max": 88,
    "mean": 3.5403820692264043,
    "median": 1.0,
    "p90": 8,
    "p95": 14,
    "p99": 27
  },
  "user_word_lengths": {
    "min": 2,
    "max": 1224,
    "mean": 81.97200680915454,
    "median": 23.0,
    "p90": 245,
    "p95": 376,
    "p99": 666
  },
  "user_char_lengths": {
    "min": 22,
    "max": 9036,
    "mean": 608.641006241725,
    "median": 167.0,
    "p90": 1804,
    "p95": 2800,
    "p99": 5041
  },
  "target_char_lengths": {
    "min": 64,
    "max": 8022,
    "mean": 316.8736523548326,
    "median": 113.0,
    "p90": 767,
    "p95": 1276,
    "p99": 2446
  },
  "prompt_token_lengths": {
    "min": 297,
    "max": 2439,
    "mean": 431.04180064308684,
    "median": 327.0,
    "p90": 714,
    "p95": 922,
    "p99": 1517
  },
  "full_token_lengths": {
    "min": 320,
    "max": 3960,
    "mean": 520.9027804047664,
    "median": 367.0,
    "p90": 908,
    "p95": 1321,
    "p99": 2010
  },
  "target_token_lengths": {
    "min": 21,
    "max": 2149,
    "mean": 89.86097976167959,
    "median": 33.0,
    "p90": 214,
    "p95": 353,
    "p99": 685
  },
  "examples_over_max_length": 0,
  "examples_over_max_length_rate": 0.0,
  "max_length": 4096
}